ID,Name,PhotoUrl
171379495 	Mattie Schmidt      	https://randomuser.me/api/portraits/women/51.jpg
800941997 	Kevin Harper        	https://randomuser.me/api/portraits/men/72.jpg
91047518  	Philip Daniels      	https://randomuser.me/api/portraits/men/6.jpg
257780062 	Fernando Gilbert    	https://randomuser.me/api/portraits/men/28.jpg
277493247 	Hazel Simmmons      	https://randomuser.me/api/portraits/women/4.jpg
94603824  	Dean Hunt           	https://randomuser.me/api/portraits/men/69.jpg
496770794 	Ralph George        	https://randomuser.me/api/portraits/men/0.jpg
404658136 	Calvin Young        	https://randomuser.me/api/portraits/men/93.jpg
607095598 	George Thompson     	https://randomuser.me/api/portraits/men/83.jpg
769192345 	Vernon Harvey       	https://randomuser.me/api/portraits/men/79.jpg
